S.No,Category No,Category,Sub-category No,Sub-category,Category Key,Sub-category Key,Assigned To,Status,Notes
1,1,Identity,1.1,Aadhaar Card (all members),identity,aadhaar_card,,,
2,1,Identity,1.2,PAN Card,identity,pan_card,,,
3,1,Identity,1.3,Passport,identity,passport,,,
4,1,Identity,1.4,Voter ID,identity,voter_id,,,
5,1,Identity,1.5,Driving License,identity,driving_license,,,
6,1,Identity,1.6,Birth Certificate,identity,birth_certificate,,,
7,1,Identity,1.7,Death Certificate,identity,death_certificate,,,
8,1,Identity,1.8,Ration Card,identity,ration_card,,,
9,2,Bank & Investments,2.1,Bank account statements / passbooks,bank_investments,bank_statements_passbooks,,,
10,2,Bank & Investments,2.2,Fixed Deposit receipts,bank_investments,fixed_deposit_receipts,,,
11,2,Bank & Investments,2.3,Mutual fund statements,bank_investments,mutual_fund_statements,,,
12,2,Bank & Investments,2.4,Demat / trading account documents,bank_investments,demat_trading_documents,,,
13,2,Bank & Investments,2.5,"Loan agreements (home, personal, vehicle, education)",bank_investments,loan_agreements,,,
14,2,Bank & Investments,2.6,Credit card statements,bank_investments,credit_card_statements,,,
15,2,Bank & Investments,2.7,ITR filings and Form 16,bank_investments,itr_form16,,,
16,2,Bank & Investments,2.8,EPF / PPF / NPS statements,bank_investments,epf_ppf_nps_statements,,,
17,2,Bank & Investments,2.9,"Cheque books, cancelled cheques",bank_investments,cheque_books,,,
18,2,Bank & Investments,2.10,Bank locker agreement and inventory list,bank_investments,bank_locker_agreement,,,
19,3,Insurance,3.1,Life insurance policies,insurance,life_policies,,,
20,3,Insurance,3.2,Health insurance policies (individual + family floater),insurance,health_policies,,,
21,3,Insurance,3.3,Vehicle insurance,insurance,vehicle_policies,,,
22,3,Insurance,3.4,Home / property insurance,insurance,home_property_policies,,,
23,3,Insurance,3.5,Term insurance,insurance,term_policies,,,
24,3,Insurance,3.6,Policy premium receipts,insurance,premium_receipts,,,
25,4,Property & Legal,4.1,Sale deed / property title documents,property_legal,sale_deed_title,,,
26,4,Property & Legal,4.2,Registration and stamp duty receipts,property_legal,registration_stamp_duty_receipts,,,
27,4,Property & Legal,4.3,Encumbrance certificate,property_legal,encumbrance_certificate,,,
28,4,Property & Legal,4.4,Property tax receipts,property_legal,property_tax_receipts,,,
29,4,Property & Legal,4.5,Will / nomination documents,property_legal,will_nomination,,,
30,4,Property & Legal,4.6,Power of attorney,property_legal,power_of_attorney,,,
31,4,Property & Legal,4.7,Khata / mutation certificates (state-specific land records),property_legal,khata_mutation_certificates,,,
32,4,Property & Legal,4.8,Divorce decree / custody documents,property_legal,divorce_custody,,,
33,5,Education,5.1,"Mark sheets and certificates (school, college)",education,marksheets_certificates,,,
34,5,Education,5.2,Degree / diploma certificates,education,degree_diploma,,,
35,5,Education,5.3,Migration and transfer certificates,education,migration_transfer,,,
36,5,Education,5.4,Entrance exam scorecards,education,entrance_exam_scorecards,,,
37,5,Education,5.5,Bonafide certificate,education,bonafide_certificate,,,Added via admin screen (not in code taxonomy)
38,6,Health & Medical,6.1,Medical records and prescriptions,health_medical,records_prescriptions,,,
39,6,Health & Medical,6.2,Vaccination certificates,health_medical,vaccination_certificates,,,
40,6,Health & Medical,6.3,Health check-up reports,health_medical,checkup_reports,,,
41,6,Health & Medical,6.4,Hospital discharge summaries,health_medical,discharge_summaries,,,
42,6,Health & Medical,6.5,Health insurance claim documents,health_medical,insurance_claims,,,
43,6,Health & Medical,6.6,Disability certificate,health_medical,disability_certificate,,,
44,7,Employment,7.1,Offer / appointment letters,employment,offer_appointment_letters,,,
45,7,Employment,7.2,Salary slips,employment,salary_slips,,,
46,7,Employment,7.3,Experience / relieving letters,employment,experience_relieving_letters,,,
47,7,Employment,7.4,EPF UAN documents,employment,epf_uan_documents,,,
48,8,Vehicle,8.1,RC (Registration Certificate),vehicle,registration_certificate,,,
49,8,Vehicle,8.2,PUC certificate,vehicle,puc_certificate,,,
50,8,Vehicle,8.3,Purchase invoice,vehicle,purchase_invoice,,,
51,9,Civil & Government Records,9.1,Marriage certificate,civil_government,marriage_certificate,,,
52,9,Civil & Government Records,9.2,Domicile certificate,civil_government,domicile_certificate,,,
53,9,Civil & Government Records,9.3,Caste / income certificates,civil_government,caste_income_certificates,,,
54,9,Civil & Government Records,9.4,Senior citizen card,civil_government,senior_citizen_card,,,
55,9,Civil & Government Records,9.5,OCI card / visa / residency permits (NRI documents),civil_government,oci_visa_residency,,,
56,10,Warranty & AMC,10.1,Appliance warranties,warranty_amc,appliance_warranties,,,
57,10,Warranty & AMC,10.2,AMC contracts,warranty_amc,amc_contracts,,,
58,11,Rentals & Subscriptions,11.1,Rental agreements,rentals_subscriptions,rental_agreements,,,
59,11,Rentals & Subscriptions,11.2,"Subscription receipts / contracts (OTT, SaaS, gym, etc.)",rentals_subscriptions,subscription_receipts,,,
60,12,Utility Bills,12.1,Electricity bills,utility_bills,electricity,,,
61,12,Utility Bills,12.2,Gas bills,utility_bills,gas,,,
62,12,Utility Bills,12.3,Water bills,utility_bills,water,,,
63,13,Tax & Compliance,13.1,"TDS certificates (Form 16A, 26AS)",tax_compliance,tds_certificates,,,
64,13,Tax & Compliance,13.2,Advance tax payment receipts,tax_compliance,advance_tax_receipts,,,
65,13,Tax & Compliance,13.3,Wealth / asset declaration documents,tax_compliance,wealth_asset_declarations,,,
66,13,Tax & Compliance,13.4,Pension Payment Order (PPO) / retirement pension statements,tax_compliance,pension_payment_order,,,
67,15,Others,15.1,Others,other,uncategorized,,,
